Time,Iteration,Deflection,Total Weight,Bar Number
0.0055,0,0.000263804,2128.13,326171
0.0105,1,0.000149877,2062.65,316386
0.0155,2,6.01413e-05,1998.87,306895
0.0205,3,4.40151e-05,1937.3,297689
0.0255,4,6.86938e-05,1877.9,288759
0.0305,5,3.43248e-05,1820.3,280097
0.0355,6,0.000112525,1764.62,271695
0.0405,7,0.000268385,1710.81,263545
0.0455,8,0.000130221,1658.73,255639
0.0505,9,0.00014881,1607.96,247970
0.0555,10,0.000141847,1558.67,240531
0.0605,11,0.000251038,1511.18,233316
