Time,Iteration,Deflection,Total Weight,Bar Number
0.0042,0,2.12611e-06,797.673,91748
0.0082,1,2.12971e-06,718.184,82574
0.0122,2,2.13246e-06,646.052,74316
0.0162,3,2.13834e-06,580.94,66863
0.0202,4,2.14903e-06,522.084,60145
0.0242,5,2.16805e-06,468.449,54061
0.0282,6,2.19651e-06,420.387,48566
